<?xml version="1.0" encoding="UTF-8"?>  
<beans  
    xmlns="http://www.springframework.org/schema/beans"  
    xmlns:xsi="http://www.w3.org/2001/XMLSchema-instance"  
    xmlns:p="http://www.springframework.org/schema/p"  
    xsi:schemaLocation="http://www.springframework.org/schema/beans  
               http://www.springframework.org/schema/beans/spring-beans-3.0.xsd">  
  

<!--  DI through Constuctor-arg -->
<bean id="textEditorbean" class="TextEditor" >  
<constructor-arg ref="spellCheckerbean"/> 
 <property name="num" value="78" />
<!--  <constructor-arg type="int" value="210"/>
<constructor-arg type="java.lang.String" value="Manisha" />-->
</bean>  
  
  <!-- DI through setter 
 <bean id="textEditorbean1" class="TextEditor" >  
<property name="sp" ref="spellCheckerbean" />
</bean>  
-->
<!-- short cut 

<bean id="textEditorbean1" class="TextEditor" >  
 <p:sp-ref="spellCheckerbean" />
</bean>  



-->



  
  <!-- spellCheck Object -->
  <bean id="spellCheckerbean" class="SpellChecker"></bean>
</beans>  